{
    "loss": 20.57492446899414,
    "accuracy": 0.4196428656578064
}